host,dataset,method,enc_op,enc_pb,dec_op,dec_pb,ratio_op,ratio_pb,builds
m4,proba80,ph,1329,2902,15792,16724,6.29,6.32,8
m4,proba80,pha,1142,2128,5934,6103,8.45,8.51,8
m4,proba80,td_naive,390,473,1222,1220,6.35,6.39,8
m4,proba80,td_scl_opt,476,581,1534,1538,6.29,6.32,8
m4,proba80,td_nv_simd,387,468,3584,3840,6.35,6.39,8
m4,proba80,td_simdopt,1281,2703,6294,6245,6.29,6.32,8
m4,proba80,huf0,1307,na,2737,na,6.40,na,8
m4,proba80,fse_stk,640,875,664,684,8.86,8.86,8
m4,proba80,fse_x8y1,377,860,644,676,8.86,8.86,8
m4,proba80,oo_huff,1734,na,3171,na,6.40,na,8
m4,proba80,oo_tans,702,na,2512,na,8.84,na,8
m4,english,ph,1325,1906,6800,6570,1.86,1.87,8
m4,english,pha,1324,1899,6787,6871,1.86,1.87,8
m4,english,td_naive,64,65,475,474,1.87,1.88,8
m4,english,td_scl_opt,148,153,752,752,1.86,1.87,8
m4,english,td_nv_simd,64,65,2001,1989,1.87,1.88,8
m4,english,td_simdopt,1271,1936,2815,2884,1.86,1.87,8
m4,english,huf0,1746,na,2573,na,1.88,na,8
m4,english,fse_stk,735,861,848,838,1.89,1.89,8
m4,english,fse_x8y1,1060,1952,1895,2106,1.89,1.89,8
m4,english,oo_huff,2451,na,3305,na,1.88,na,8
m4,english,oo_tans,819,na,2481,na,1.89,na,8
m4,html_wiki,ph,1134,1605,4575,4939,1.41,1.40,8
m4,html_wiki,pha,1119,1581,4821,4775,1.41,1.40,8
m4,html_wiki,td_naive,48,50,359,358,1.40,1.40,8
m4,html_wiki,td_scl_opt,114,120,590,593,1.41,1.40,8
m4,html_wiki,td_nv_simd,49,50,1411,1482,1.40,1.40,8
m4,html_wiki,td_simdopt,1046,1635,2385,2329,1.41,1.40,8
m4,html_wiki,huf0,1768,na,2407,na,1.44,na,8
m4,html_wiki,fse_stk,737,855,845,855,1.45,1.46,8
m4,html_wiki,fse_x8y1,1210,1940,1941,2174,1.45,1.46,8
m4,html_wiki,oo_huff,2270,na,3153,na,1.44,na,8
m4,html_wiki,oo_tans,809,na,2436,na,1.45,na,8
m4,prose_pride,ph,1155,1638,4841,5148,1.72,1.72,8
m4,prose_pride,pha,1105,1524,5075,5056,1.72,1.72,8
m4,prose_pride,td_naive,59,60,440,437,1.73,1.72,8
m4,prose_pride,td_scl_opt,108,110,592,584,1.72,1.72,8
m4,prose_pride,td_nv_simd,59,60,1785,1761,1.73,1.72,8
m4,prose_pride,td_simdopt,1101,1626,2438,2413,1.72,1.72,8
m4,prose_pride,huf0,1760,na,2501,na,1.74,na,8
m4,prose_pride,fse_stk,736,853,836,851,1.76,1.76,8
m4,prose_pride,fse_x8y1,1069,1943,1927,2083,1.76,1.76,8
m4,prose_pride,oo_huff,2389,na,3162,na,1.75,na,8
m4,prose_pride,oo_tans,805,na,2456,na,1.76,na,8
m4,image_jpeg,ph,1256,1844,5364,5557,1.00,1.00,8
m4,image_jpeg,pha,1271,1806,5353,5353,1.00,1.00,8
m4,image_jpeg,td_naive,34,34,259,259,1.00,1.00,8
m4,image_jpeg,td_scl_opt,160,159,764,716,1.00,1.00,8
m4,image_jpeg,td_nv_simd,34,34,982,985,1.00,1.00,8
m4,image_jpeg,td_simdopt,1143,1897,2444,2343,1.00,1.00,8
m4,image_jpeg,huf0,1756,na,1415,na,1.01,na,8
m4,image_jpeg,fse_stk,749,897,824,849,1.01,1.01,8
m4,image_jpeg,fse_x8y1,1248,1938,1966,2197,1.01,1.01,8
m4,image_jpeg,oo_huff,2662,na,3140,na,1.01,na,8
m4,image_jpeg,oo_tans,811,na,2387,na,1.01,na,8
m4,json_api,ph,1117,1545,4338,4477,1.51,1.51,8
m4,json_api,pha,1087,1502,4319,4613,1.51,1.51,8
m4,json_api,td_naive,52,53,383,380,1.51,1.51,8
m4,json_api,td_scl_opt,106,110,569,574,1.51,1.51,8
m4,json_api,td_nv_simd,52,53,1657,1656,1.51,1.51,8
m4,json_api,td_simdopt,1082,1569,2397,2350,1.51,1.51,8
m4,json_api,huf0,1763,na,2525,na,1.53,na,8
m4,json_api,fse_stk,741,901,845,843,1.53,1.54,8
m4,json_api,fse_x8y1,1147,1925,2020,2088,1.54,1.54,8
m4,json_api,oo_huff,2368,na,3168,na,1.53,na,8
m4,json_api,oo_tans,811,na,2523,na,1.53,na,8
m4,dna_fasta,ph,1306,2174,8588,8939,3.49,3.49,8
m4,dna_fasta,pha,1234,2001,5819,6030,3.76,3.77,8
m4,dna_fasta,td_naive,130,135,806,815,3.51,3.52,8
m4,dna_fasta,td_scl_opt,175,186,864,867,3.49,3.49,8
m4,dna_fasta,td_nv_simd,130,136,2988,2848,3.51,3.52,8
m4,dna_fasta,td_simdopt,1271,2158,3218,3216,3.49,3.49,8
m4,dna_fasta,huf0,1522,na,2849,na,3.53,na,8
m4,dna_fasta,fse_stk,708,884,849,841,3.83,3.83,8
m4,dna_fasta,fse_x8y1,763,1916,1919,2124,3.83,3.83,8
m4,dna_fasta,oo_huff,2074,na,3160,na,3.53,na,8
m4,dna_fasta,oo_tans,777,na,2494,na,3.83,na,8
m4,chinese_text,ph,1165,1630,4932,4934,1.34,1.33,8
m4,chinese_text,pha,1090,1384,4681,4001,1.34,1.34,8
m4,chinese_text,td_naive,46,47,350,349,1.34,1.33,8
m4,chinese_text,td_scl_opt,119,116,609,590,1.34,1.33,8
m4,chinese_text,td_nv_simd,46,47,1408,1484,1.34,1.33,8
m4,chinese_text,td_simdopt,1113,1642,2454,2408,1.34,1.33,8
m4,chinese_text,huf0,1783,na,2104,na,1.36,na,8
m4,chinese_text,fse_stk,759,871,840,859,1.37,1.37,8
m4,chinese_text,fse_x8y1,1218,1920,2024,2093,1.37,1.37,8
m4,chinese_text,oo_huff,2387,na,3156,na,1.36,na,8
m4,chinese_text,oo_tans,808,na,2558,na,1.37,na,8
m4,calgary_pic,ph,1199,2557,10581,11664,4.60,4.57,8
m4,calgary_pic,pha,1062,2085,6363,6649,6.13,6.07,8
m4,calgary_pic,td_naive,232,271,946,917,4.63,4.59,8
m4,calgary_pic,td_scl_opt,364,471,1467,1462,4.60,4.58,8
m4,calgary_pic,td_nv_simd,233,275,2920,2885,4.63,4.59,8
m4,calgary_pic,td_simdopt,1066,2470,5730,6002,4.60,4.58,8
m4,calgary_pic,huf0,1241,na,2544,na,4.79,na,8
m4,calgary_pic,fse_stk,625,855,654,669,6.42,6.50,8
m4,calgary_pic,fse_x8y1,369,881,635,683,6.49,6.50,8
m4,calgary_pic,oo_huff,1615,na,3114,na,4.79,na,8
m4,calgary_pic,oo_tans,686,na,2502,na,6.44,na,8
c6a,proba80,ph,1020,1869,8617,8992,6.22,6.25,8
c6a,proba80,pha,824,1308,3371,3433,8.18,8.23,8
c6a,proba80,td_naive,278,318,326,325,6.35,6.39,8
c6a,proba80,td_scl_opt,329,387,806,805,6.29,6.32,8
c6a,proba80,td_nv_simd,na,na,na,na,na,na,na
c6a,proba80,td_simdopt,na,na,na,na,na,na,na
c6a,proba80,huf0,884,na,1676,na,6.40,na,8
c6a,proba80,fse_stk,466,638,529,542,8.86,8.86,8
c6a,proba80,fse_x8y1,311,638,517,543,8.86,8.86,8
c6a,proba80,oo_huff,986,na,1478,na,6.40,na,8
c6a,proba80,oo_tans,377,na,1441,na,8.84,na,8
c6a,english,ph,720,965,2772,2859,1.85,1.85,8
c6a,english,pha,716,960,2750,2857,1.85,1.85,8
c6a,english,td_naive,45,45,58,58,1.87,1.88,8
c6a,english,td_scl_opt,96,100,106,107,1.86,1.87,8
c6a,english,td_nv_simd,na,na,na,na,na,na,na
c6a,english,td_simdopt,na,na,na,na,na,na,na
c6a,english,huf0,1102,na,1584,na,1.88,na,8
c6a,english,fse_stk,524,638,679,696,1.89,1.89,8
c6a,english,fse_x8y1,598,811,973,1064,1.89,1.89,8
c6a,english,oo_huff,1223,na,1472,na,1.88,na,8
c6a,english,oo_tans,406,na,1426,na,1.89,na,8
c6a,html_wiki,ph,536,742,1753,1744,1.40,1.39,8
c6a,html_wiki,pha,534,735,1754,1738,1.40,1.39,8
c6a,html_wiki,td_naive,34,35,44,45,1.40,1.40,8
c6a,html_wiki,td_scl_opt,74,78,77,78,1.41,1.40,8
c6a,html_wiki,td_nv_simd,na,na,na,na,na,na,na
c6a,html_wiki,td_simdopt,na,na,na,na,na,na,na
c6a,html_wiki,huf0,1081,na,1334,na,1.44,na,8
c6a,html_wiki,fse_stk,528,636,674,694,1.45,1.46,8
c6a,html_wiki,fse_x8y1,613,809,974,1061,1.45,1.46,8
c6a,html_wiki,oo_huff,1091,na,1456,na,1.44,na,8
c6a,html_wiki,oo_tans,399,na,1397,na,1.45,na,8
c6a,prose_pride,ph,575,777,1897,2029,1.70,1.70,8
c6a,prose_pride,pha,554,740,1898,2032,1.70,1.70,8
c6a,prose_pride,td_naive,41,42,54,54,1.73,1.72,8
c6a,prose_pride,td_scl_opt,71,72,76,75,1.72,1.72,8
c6a,prose_pride,td_nv_simd,na,na,na,na,na,na,na
c6a,prose_pride,td_simdopt,na,na,na,na,na,na,na
c6a,prose_pride,huf0,1090,na,1491,na,1.74,na,8
c6a,prose_pride,fse_stk,526,637,677,695,1.76,1.76,8
c6a,prose_pride,fse_x8y1,599,808,971,1062,1.76,1.76,8
c6a,prose_pride,oo_huff,1161,na,1466,na,1.75,na,8
c6a,prose_pride,oo_tans,403,na,1417,na,1.76,na,8
c6a,image_jpeg,ph,622,899,1576,1536,1.00,1.00,8
c6a,image_jpeg,pha,622,898,1577,1539,1.00,1.00,8
c6a,image_jpeg,td_naive,24,24,31,31,1.00,1.00,8
c6a,image_jpeg,td_scl_opt,99,100,110,101,1.00,1.00,8
c6a,image_jpeg,td_nv_simd,na,na,na,na,na,na,na
c6a,image_jpeg,td_simdopt,na,na,na,na,na,na,na
c6a,image_jpeg,huf0,1044,na,1060,na,1.01,na,8
c6a,image_jpeg,fse_stk,529,635,674,692,1.01,1.01,8
c6a,image_jpeg,fse_x8y1,620,803,981,1059,1.01,1.01,8
c6a,image_jpeg,oo_huff,1183,na,1446,na,1.01,na,8
c6a,image_jpeg,oo_tans,396,na,1361,na,1.01,na,8
c6a,json_api,ph,535,704,1609,1650,1.49,1.49,8
c6a,json_api,pha,522,683,1607,1651,1.49,1.49,8
c6a,json_api,td_naive,36,37,47,47,1.51,1.51,8
c6a,json_api,td_scl_opt,69,72,73,74,1.51,1.51,8
c6a,json_api,td_nv_simd,na,na,na,na,na,na,na
c6a,json_api,td_simdopt,na,na,na,na,na,na,na
c6a,json_api,huf0,1100,na,1406,na,1.53,na,8
c6a,json_api,fse_stk,530,637,676,695,1.53,1.54,8
c6a,json_api,fse_x8y1,610,809,971,1061,1.54,1.54,8
c6a,json_api,oo_huff,1161,na,1466,na,1.53,na,8
c6a,json_api,oo_tans,403,na,1405,na,1.53,na,8
c6a,dna_fasta,ph,862,1245,4858,4999,3.46,3.47,8
c6a,dna_fasta,pha,806,1132,3391,3461,3.72,3.73,8
c6a,dna_fasta,td_naive,90,93,115,115,3.51,3.52,8
c6a,dna_fasta,td_scl_opt,117,122,144,144,3.49,3.49,8
c6a,dna_fasta,td_nv_simd,na,na,na,na,na,na,na
c6a,dna_fasta,td_simdopt,na,na,na,na,na,na,na
c6a,dna_fasta,huf0,1085,na,1655,na,3.53,na,8
c6a,dna_fasta,fse_stk,520,638,678,698,3.83,3.83,8
c6a,dna_fasta,fse_x8y1,528,814,971,1063,3.83,3.83,8
c6a,dna_fasta,oo_huff,1154,na,1474,na,3.53,na,8
c6a,dna_fasta,oo_tans,398,na,1435,na,3.83,na,8
c6a,chinese_text,ph,570,744,1840,1756,1.33,1.31,8
c6a,chinese_text,pha,553,684,1839,1633,1.33,1.32,8
c6a,chinese_text,td_naive,32,33,42,42,1.34,1.33,8
c6a,chinese_text,td_scl_opt,77,76,82,77,1.34,1.33,8
c6a,chinese_text,td_nv_simd,na,na,na,na,na,na,na
c6a,chinese_text,td_simdopt,na,na,na,na,na,na,na
c6a,chinese_text,huf0,1090,na,1232,na,1.36,na,8
c6a,chinese_text,fse_stk,530,637,675,694,1.37,1.37,8
c6a,chinese_text,fse_x8y1,613,809,975,1061,1.37,1.37,8
c6a,chinese_text,oo_huff,1136,na,1459,na,1.36,na,8
c6a,chinese_text,oo_tans,401,na,1399,na,1.37,na,8
c6a,calgary_pic,ph,726,1342,3840,4320,4.46,4.43,8
c6a,calgary_pic,pha,645,1089,2490,2701,5.83,5.78,8
c6a,calgary_pic,td_naive,160,183,207,208,4.63,4.59,8
c6a,calgary_pic,td_scl_opt,242,307,419,438,4.60,4.58,8
c6a,calgary_pic,td_nv_simd,na,na,na,na,na,na,na
c6a,calgary_pic,td_simdopt,na,na,na,na,na,na,na
c6a,calgary_pic,huf0,817,na,1576,na,4.79,na,8
c6a,calgary_pic,fse_stk,449,638,528,543,6.42,6.50,8
c6a,calgary_pic,fse_x8y1,294,638,515,543,6.49,6.50,8
c6a,calgary_pic,oo_huff,901,na,1463,na,4.79,na,8
c6a,calgary_pic,oo_tans,371,na,1423,na,6.44,na,8
c8g,proba80,ph,821,1623,8461,8843,6.29,6.32,8
c8g,proba80,pha,686,1197,3572,3642,8.45,8.51,8
c8g,proba80,td_naive,278,335,347,351,6.35,6.39,8
c8g,proba80,td_scl_opt,317,394,656,655,6.29,6.32,8
c8g,proba80,td_nv_simd,277,334,1939,1940,6.35,6.39,8
c8g,proba80,td_simdopt,776,1476,4371,4373,6.29,6.32,8
c8g,proba80,huf0,807,na,1939,na,6.40,na,8
c8g,proba80,fse_stk,434,608,480,489,8.86,8.86,8
c8g,proba80,fse_x8y1,290,609,471,489,8.86,8.86,8
c8g,proba80,oo_huff,966,na,1788,na,6.40,na,8
c8g,proba80,oo_tans,355,na,1454,na,8.84,na,8
c8g,english,ph,680,934,3116,3171,1.86,1.87,8
c8g,english,pha,678,933,3118,3202,1.86,1.87,8
c8g,english,td_naive,49,50,64,64,1.87,1.88,8
c8g,english,td_scl_opt,106,112,118,118,1.86,1.87,8
c8g,english,td_nv_simd,49,50,855,855,1.87,1.88,8
c8g,english,td_simdopt,658,918,1383,1384,1.86,1.87,8
c8g,english,huf0,971,na,1875,na,1.88,na,8
c8g,english,fse_stk,479,606,572,580,1.89,1.89,8
c8g,english,fse_x8y1,609,913,1164,1251,1.89,1.89,8
c8g,english,oo_huff,1170,na,1806,na,1.88,na,8
c8g,english,oo_tans,377,na,1450,na,1.89,na,8
c8g,html_wiki,ph,537,759,2228,2284,1.41,1.40,8
c8g,html_wiki,pha,532,753,2225,2288,1.41,1.40,8
c8g,html_wiki,td_naive,38,39,49,49,1.40,1.40,8
c8g,html_wiki,td_scl_opt,82,88,86,87,1.41,1.40,8
c8g,html_wiki,td_nv_simd,38,39,618,616,1.40,1.40,8
c8g,html_wiki,td_simdopt,507,771,1118,1121,1.41,1.40,8
c8g,html_wiki,huf0,965,na,1614,na,1.44,na,8
c8g,html_wiki,fse_stk,482,605,567,581,1.45,1.46,8
c8g,html_wiki,fse_x8y1,605,910,1164,1234,1.45,1.46,8
c8g,html_wiki,oo_huff,1084,na,1790,na,1.44,na,8
c8g,html_wiki,oo_tans,374,na,1432,na,1.45,na,8
c8g,prose_pride,ph,579,783,2335,2457,1.72,1.72,8
c8g,prose_pride,pha,557,745,2331,2461,1.72,1.72,8
c8g,prose_pride,td_naive,46,47,60,60,1.73,1.72,8
c8g,prose_pride,td_scl_opt,80,82,86,85,1.72,1.72,8
c8g,prose_pride,td_nv_simd,46,47,765,766,1.73,1.72,8
c8g,prose_pride,td_simdopt,552,773,1188,1176,1.72,1.72,8
c8g,prose_pride,huf0,962,na,1783,na,1.74,na,8
c8g,prose_pride,fse_stk,478,606,570,580,1.76,1.76,8
c8g,prose_pride,fse_x8y1,608,913,1164,1258,1.76,1.76,8
c8g,prose_pride,oo_huff,1122,na,1799,na,1.75,na,8
c8g,prose_pride,oo_tans,376,na,1440,na,1.76,na,8
c8g,image_jpeg,ph,582,869,2544,2517,1.00,1.00,8
c8g,image_jpeg,pha,582,867,2575,2514,1.00,1.00,8
c8g,image_jpeg,td_naive,26,27,34,34,1.00,1.00,8
c8g,image_jpeg,td_scl_opt,110,112,121,112,1.00,1.00,8
c8g,image_jpeg,td_nv_simd,26,27,485,486,1.00,1.00,8
c8g,image_jpeg,td_simdopt,535,886,1217,1178,1.00,1.00,8
c8g,image_jpeg,huf0,932,na,1031,na,1.01,na,8
c8g,image_jpeg,fse_stk,483,604,567,581,1.01,1.01,8
c8g,image_jpeg,fse_x8y1,616,909,1176,1230,1.01,1.01,8
c8g,image_jpeg,oo_huff,1164,na,1774,na,1.01,na,8
c8g,image_jpeg,oo_tans,373,na,1379,na,1.01,na,8
c8g,json_api,ph,548,737,2079,2191,1.51,1.51,8
c8g,json_api,pha,538,720,2114,2192,1.51,1.51,8
c8g,json_api,td_naive,40,41,52,52,1.51,1.51,8
c8g,json_api,td_scl_opt,77,81,83,84,1.51,1.51,8
c8g,json_api,td_nv_simd,40,41,685,687,1.51,1.51,8
c8g,json_api,td_simdopt,527,735,1096,1104,1.51,1.51,8
c8g,json_api,huf0,972,na,1695,na,1.53,na,8
c8g,json_api,fse_stk,482,606,569,581,1.53,1.54,8
c8g,json_api,fse_x8y1,590,912,1171,1245,1.54,1.54,8
c8g,json_api,oo_huff,1131,na,1801,na,1.53,na,8
c8g,json_api,oo_tans,377,na,1440,na,1.53,na,8
c8g,dna_fasta,ph,760,1106,4442,4595,3.49,3.49,8
c8g,dna_fasta,pha,726,1034,3333,3388,3.76,3.77,8
c8g,dna_fasta,td_naive,98,103,126,126,3.51,3.52,8
c8g,dna_fasta,td_scl_opt,129,136,153,153,3.49,3.49,8
c8g,dna_fasta,td_nv_simd,98,103,1439,1438,3.51,3.52,8
c8g,dna_fasta,td_simdopt,732,1074,1811,1810,3.49,3.49,8
c8g,dna_fasta,huf0,936,na,1929,na,3.53,na,8
c8g,dna_fasta,fse_stk,464,603,571,581,3.83,3.83,8
c8g,dna_fasta,fse_x8y1,569,909,1165,1248,3.83,3.83,8
c8g,dna_fasta,oo_huff,1089,na,1803,na,3.53,na,8
c8g,dna_fasta,oo_tans,368,na,1454,na,3.83,na,8
c8g,chinese_text,ph,569,766,2394,2337,1.34,1.33,8
c8g,chinese_text,pha,544,698,2301,2041,1.34,1.34,8
c8g,chinese_text,td_naive,36,36,47,46,1.34,1.33,8
c8g,chinese_text,td_scl_opt,86,86,90,85,1.34,1.33,8
c8g,chinese_text,td_nv_simd,36,36,628,626,1.34,1.33,8
c8g,chinese_text,td_simdopt,545,786,1138,1116,1.34,1.33,8
c8g,chinese_text,huf0,963,na,1492,na,1.36,na,8
c8g,chinese_text,fse_stk,481,606,569,580,1.37,1.37,8
c8g,chinese_text,fse_x8y1,606,912,1169,1260,1.37,1.37,8
c8g,chinese_text,oo_huff,1118,na,1793,na,1.36,na,8
c8g,chinese_text,oo_tans,374,na,1431,na,1.37,na,8
c8g,calgary_pic,ph,728,1390,5536,5845,4.60,4.57,8
c8g,calgary_pic,pha,654,1133,3479,3618,6.13,6.07,8
c8g,calgary_pic,td_naive,173,200,227,228,4.63,4.59,8
c8g,calgary_pic,td_scl_opt,253,322,401,414,4.60,4.58,8
c8g,calgary_pic,td_nv_simd,173,200,1409,1402,4.63,4.59,8
c8g,calgary_pic,td_simdopt,651,1312,3778,3803,4.60,4.58,8
c8g,calgary_pic,huf0,851,na,1852,na,4.79,na,8
c8g,calgary_pic,fse_stk,448,608,477,489,6.42,6.50,8
c8g,calgary_pic,fse_x8y1,276,608,469,489,6.49,6.50,8
c8g,calgary_pic,oo_huff,1022,na,1773,na,4.79,na,8
c8g,calgary_pic,oo_tans,368,na,1443,na,6.44,na,8
c8i,proba80,ph,1684,8952,35510,40604,6.29,6.32,8
c8i,proba80,pha,1262,3166,5319,5426,8.45,8.51,8
c8i,proba80,td_naive,292,339,355,352,6.35,6.39,8
c8i,proba80,td_scl_opt,346,414,838,839,6.29,6.32,8
c8i,proba80,td_nv_simd,292,339,2750,2750,6.35,6.39,8
c8i,proba80,td_simdopt,1641,7893,8769,8768,6.31,6.35,8
c8i,proba80,huf0,1149,na,1947,na,6.40,na,8
c8i,proba80,fse_stk,575,756,538,547,8.86,8.86,8
c8i,proba80,fse_x8y1,353,755,530,547,8.86,8.86,8
c8i,proba80,oo_huff,1295,na,2131,na,6.40,na,8
c8i,proba80,oo_tans,472,na,1459,na,8.84,na,8
c8i,english,ph,1550,3026,9345,10113,1.86,1.87,8
c8i,english,pha,1541,3030,9398,10077,1.86,1.87,8
c8i,english,td_naive,47,48,57,57,1.87,1.88,8
c8i,english,td_scl_opt,103,107,106,106,1.86,1.87,8
c8i,english,td_nv_simd,47,48,1738,1736,1.87,1.88,8
c8i,english,td_simdopt,1421,2782,3182,3191,1.87,1.87,8
c8i,english,huf0,1312,na,1896,na,1.88,na,8
c8i,english,fse_stk,620,751,526,531,1.89,1.89,8
c8i,english,fse_x8y1,715,987,1334,1376,1.89,1.89,8
c8i,english,oo_huff,1443,na,2123,na,1.88,na,8
c8i,english,oo_tans,492,na,1435,na,1.89,na,8
c8i,html_wiki,ph,1050,2115,5731,6097,1.41,1.40,8
c8i,html_wiki,pha,1031,2077,5749,6144,1.41,1.40,8
c8i,html_wiki,td_naive,36,37,43,44,1.40,1.40,8
c8i,html_wiki,td_scl_opt,79,84,78,78,1.41,1.40,8
c8i,html_wiki,td_nv_simd,36,37,992,989,1.40,1.40,8
c8i,html_wiki,td_simdopt,885,2018,2507,2494,1.41,1.41,8
c8i,html_wiki,huf0,1290,na,1625,na,1.44,na,8
c8i,html_wiki,fse_stk,617,749,524,531,1.45,1.46,8
c8i,html_wiki,fse_x8y1,737,965,1329,1376,1.45,1.46,8
c8i,html_wiki,oo_huff,1248,na,2107,na,1.44,na,8
c8i,html_wiki,oo_tans,483,na,1409,na,1.45,na,8
c8i,prose_pride,ph,1227,2439,5677,7045,1.72,1.72,8
c8i,prose_pride,pha,1138,2153,5703,7096,1.72,1.72,8
c8i,prose_pride,td_naive,43,44,53,52,1.73,1.72,8
c8i,prose_pride,td_scl_opt,76,78,76,74,1.72,1.72,8
c8i,prose_pride,td_nv_simd,44,44,1349,1361,1.73,1.72,8
c8i,prose_pride,td_simdopt,1099,2355,2593,2605,1.73,1.72,8
c8i,prose_pride,huf0,1306,na,1791,na,1.74,na,8
c8i,prose_pride,fse_stk,617,752,525,531,1.76,1.76,8
c8i,prose_pride,fse_x8y1,704,966,1308,1376,1.76,1.76,8
c8i,prose_pride,oo_huff,1364,na,2120,na,1.75,na,8
c8i,prose_pride,oo_tans,490,na,1438,na,1.76,na,8
c8i,image_jpeg,ph,1154,2482,6662,6765,1.00,1.00,8
c8i,image_jpeg,pha,1150,2476,6655,6721,1.00,1.00,8
c8i,image_jpeg,td_naive,25,26,30,30,1.00,1.00,8
c8i,image_jpeg,td_scl_opt,106,107,112,103,1.00,1.00,8
c8i,image_jpeg,td_nv_simd,25,26,698,699,1.00,1.00,8
c8i,image_jpeg,td_simdopt,872,2296,2369,2300,1.01,1.01,8
c8i,image_jpeg,huf0,1237,na,1137,na,1.01,na,8
c8i,image_jpeg,fse_stk,616,747,524,531,1.01,1.01,8
c8i,image_jpeg,fse_x8y1,735,965,1295,1373,1.01,1.01,8
c8i,image_jpeg,oo_huff,1380,na,2096,na,1.01,na,8
c8i,image_jpeg,oo_tans,481,na,1391,na,1.01,na,8
c8i,json_api,ph,1176,2121,4942,5443,1.51,1.51,8
c8i,json_api,pha,1132,2012,4907,5434,1.51,1.51,8
c8i,json_api,td_naive,38,39,46,46,1.51,1.51,8
c8i,json_api,td_scl_opt,74,77,73,74,1.51,1.51,8
c8i,json_api,td_nv_simd,38,39,1226,1231,1.51,1.51,8
c8i,json_api,td_simdopt,1033,2051,2500,2541,1.51,1.51,8
c8i,json_api,huf0,1305,na,1707,na,1.53,na,8
c8i,json_api,fse_stk,618,751,525,531,1.53,1.54,8
c8i,json_api,fse_x8y1,733,988,1336,1377,1.54,1.54,8
c8i,json_api,oo_huff,1365,na,2121,na,1.53,na,8
c8i,json_api,oo_tans,490,na,1439,na,1.53,na,8
c8i,dna_fasta,ph,1737,5406,15146,16256,3.49,3.49,8
c8i,dna_fasta,pha,1583,3939,6707,6939,3.76,3.77,8
c8i,dna_fasta,td_naive,91,95,113,114,3.51,3.52,8
c8i,dna_fasta,td_scl_opt,123,130,145,145,3.49,3.49,8
c8i,dna_fasta,td_nv_simd,91,95,2323,2310,3.51,3.52,8
c8i,dna_fasta,td_simdopt,1693,5171,3044,3039,3.50,3.51,8
c8i,dna_fasta,huf0,1315,na,1936,na,3.53,na,8
c8i,dna_fasta,fse_stk,618,755,525,531,3.83,3.83,8
c8i,dna_fasta,fse_x8y1,643,991,1303,1383,3.83,3.83,8
c8i,dna_fasta,oo_huff,1449,na,2132,na,3.53,na,8
c8i,dna_fasta,oo_tans,496,na,1454,na,3.83,na,8
c8i,chinese_text,ph,1156,2179,5586,5953,1.34,1.33,8
c8i,chinese_text,pha,1062,1756,5091,4405,1.34,1.34,8
c8i,chinese_text,td_naive,34,35,41,41,1.34,1.33,8
c8i,chinese_text,td_scl_opt,83,81,82,77,1.34,1.33,8
c8i,chinese_text,td_nv_simd,34,35,1130,1122,1.34,1.33,8
c8i,chinese_text,td_simdopt,998,2166,2493,2400,1.34,1.33,8
c8i,chinese_text,huf0,1297,na,1500,na,1.36,na,8
c8i,chinese_text,fse_stk,616,751,524,531,1.37,1.37,8
c8i,chinese_text,fse_x8y1,738,965,1309,1374,1.37,1.37,8
c8i,chinese_text,oo_huff,1332,na,2112,na,1.36,na,8
c8i,chinese_text,oo_tans,485,na,1430,na,1.37,na,8
c8i,calgary_pic,ph,1159,4568,9681,13361,4.60,4.57,8
c8i,calgary_pic,pha,991,2681,4865,5648,6.13,6.07,8
c8i,calgary_pic,td_naive,172,199,213,213,4.63,4.59,8
c8i,calgary_pic,td_scl_opt,254,326,418,440,4.60,4.58,8
c8i,calgary_pic,td_nv_simd,172,199,1637,1618,4.63,4.59,8
c8i,calgary_pic,td_simdopt,1013,5040,7829,8046,4.65,4.62,8
c8i,calgary_pic,huf0,1085,na,1879,na,4.79,na,8
c8i,calgary_pic,fse_stk,560,755,536,547,6.42,6.50,8
c8i,calgary_pic,fse_x8y1,339,755,528,547,6.49,6.50,8
c8i,calgary_pic,oo_huff,1180,na,2105,na,4.79,na,8
c8i,calgary_pic,oo_tans,466,na,1441,na,6.44,na,8
